quality,subgroup,size_sg,size_dataset,positives_sg,positives_dataset,size_complement,relative_size_sg,relative_size_complement,coverage_sg,coverage_complement,target_share_sg,target_share_complement,target_share_dataset,lift
0.24549549549549549,ENSG00000168079=='0.0' AND ENSG00000170509=='0.0' AND ENSG00000283663=='0.0',113,222,111,111,109,0.509009009009009,0.49099099099099097,1.0,0.0,0.9823008849557522,0.0,0.5,1.9646017699115044
0.24549549549549549,ENSG00000149124=='0.0' AND ENSG00000179796=='0.0' AND ENSG00000255595=='0.0',113,222,111,111,109,0.509009009009009,0.49099099099099097,1.0,0.0,0.9823008849557522,0.0,0.5,1.9646017699115044
0.24549549549549549,ENSG00000120907=='0.0' AND ENSG00000165152=='0.0' AND ENSG00000225950=='0.0',113,222,111,111,109,0.509009009009009,0.49099099099099097,1.0,0.0,0.9823008849557522,0.0,0.5,1.9646017699115044
