quality,subgroup,size_sg,size_dataset,positives_sg,positives_dataset,size_complement,relative_size_sg,relative_size_complement,coverage_sg,coverage_complement,target_share_sg,target_share_complement,target_share_dataset,lift
0.24774774774774774,ENSG00000123689=='0.0' AND ENSG00000145936=='0.0' AND ENSG00000255595=='0.0',112,222,111,111,110,0.5045045045045045,0.4954954954954955,1.0,0.0,0.9910714285714286,0.0,0.5,1.9821428571428572
0.24774774774774774,ENSG00000105974=='0.0' AND ENSG00000255595=='0.0' AND ENSG00000283663=='0.0',112,222,111,111,110,0.5045045045045045,0.4954954954954955,1.0,0.0,0.9910714285714286,0.0,0.5,1.9821428571428572
0.24774774774774774,ENSG00000095637=='0.0' AND ENSG00000178828=='0.0' AND ENSG00000283663=='0.0',112,222,111,111,110,0.5045045045045045,0.4954954954954955,1.0,0.0,0.9910714285714286,0.0,0.5,1.9821428571428572
