quality,subgroup,size_sg,size_dataset,positives_sg,positives_dataset,size_complement,relative_size_sg,relative_size_complement,coverage_sg,coverage_complement,target_share_sg,target_share_complement,target_share_dataset,lift
0.07373375646587278,2032=='0' AND 4641=='0' AND 4686=='0',16667,22470,6760,6880,5803,0.7417445482866044,0.25825545171339565,0.9825581395348837,0.01744186046511628,0.40559188816223674,0.02067895915905566,0.30618602581219406,1.324658390553119
0.07291832912161572,2032=='0' AND 4578=='0' AND 4641=='0',16606,22470,6723,6880,5864,0.7390298175344905,0.26097018246550957,0.9771802325581396,0.022819767441860466,0.4048536673491509,0.026773533424283767,0.30618602581219406,1.3222473699615436
0.07248636316552416,2032=='0' AND 4605=='0' AND 4641=='0',16801,22470,6773,6880,5669,0.7477080551846907,0.2522919448153093,0.9844476744186047,0.015552325581395349,0.4031307660258318,0.018874581054859764,0.30618602581219406,1.3166203942733197
