quality,subgroup,size_sg,size_dataset,positives_sg,positives_dataset,size_complement,relative_size_sg,relative_size_complement,coverage_sg,coverage_complement,target_share_sg,target_share_complement,target_share_dataset,lift
5352.365994289576,2014=='0' AND 3355=='0' AND 633=='0',19173,22470,4082,6880,3297,0.8532710280373832,0.14672897196261683,0.5933139534883721,0.40668604651162793,0.21290356230115265,0.848650288140734,0.30618602581219406,0.695340558852747
5286.026383823605,2317=='0' AND 3355=='0' AND 633=='0',19651,22470,4353,6880,2819,0.8745438362260792,0.12545616377392077,0.632703488372093,0.367296511627907,0.22151544450664087,0.8964171692089393,0.30618602581219406,0.7234668659977064
5253.171971001294,3355=='0' AND 633=='0' AND 640=='0',19665,22470,4366,6880,2805,0.8751668891855807,0.12483311081441922,0.6345930232558139,0.36540697674418604,0.2220188151538266,0.8962566844919786,0.30618602581219406,0.7251108686782679
