quality,subgroup,size_sg,size_dataset,positives_sg,positives_dataset,size_complement,relative_size_sg,relative_size_complement,coverage_sg,coverage_complement,target_share_sg,target_share_complement,target_share_dataset,lift
2140.886803415281,Attribute 1=='0' AND Attribute 5=='0' AND Attribute 6=='0',2500,7000,359,3601,4500,0.35714285714285715,0.6428571428571429,0.09969452929741739,0.9003054707025826,0.1436,0.7204444444444444,0.5144285714285715,0.27914468203276865
2127.053417207986,Attribute 3=='0' AND Attribute 5=='0' AND Attribute 6=='0',2500,7000,362,3601,4500,0.35714285714285715,0.6428571428571429,0.1005276312135518,0.8994723687864482,0.1448,0.7197777777777777,0.5144285714285715,0.28147736739794504
2127.053417207986,Attribute 2=='0' AND Attribute 5=='0' AND Attribute 6=='0',2500,7000,362,3601,4500,0.35714285714285715,0.6428571428571429,0.1005276312135518,0.8994723687864482,0.1448,0.7197777777777777,0.5144285714285715,0.28147736739794504
2104.097412057175,Attribute 1=='0' AND Attribute 4=='0' AND Attribute 6=='0',2500,7000,367,3601,4500,0.35714285714285715,0.6428571428571429,0.10191613440710913,0.8980838655928909,0.1468,0.7186666666666667,0.5144285714285715,0.2853651763399056
2090.3835920834977,Attribute 3=='0' AND Attribute 4=='0' AND Attribute 6=='0',2500,7000,370,3601,4500,0.35714285714285715,0.6428571428571429,0.10274923632324354,0.8972507636767565,0.148,0.718,0.5144285714285715,0.2876978617050819
