quality,subgroup,size_sg,size_dataset,positives_sg,positives_dataset,size_complement,relative_size_sg,relative_size_complement,coverage_sg,coverage_complement,target_share_sg,target_share_complement,target_share_dataset,lift
0.09183673469387756,Attribute 4=='1' AND Attribute 5=='1',1500,7000,1500,4000,5500,0.21428571428571427,0.7857142857142857,0.375,0.625,1.0,0.45454545454545453,0.5714285714285714,1.75
0.09183673469387756,Attribute 2=='1' AND Attribute 3=='1',1500,7000,1500,4000,5500,0.21428571428571427,0.7857142857142857,0.375,0.625,1.0,0.45454545454545453,0.5714285714285714,1.75
0.09183673469387756,Attribute 1=='1' AND Attribute 3=='1',1500,7000,1500,4000,5500,0.21428571428571427,0.7857142857142857,0.375,0.625,1.0,0.45454545454545453,0.5714285714285714,1.75
